id;code;first_name;last_name;gender;email;phone;address_line_1;address_line_2;city;country;department_id
1;mobile Fish;Orval;Metz;MALE;Jadon_Streich@gmail.com;1-760-097-8920;Officer;methodology Albania;North Einar;Madagascar;7
2;Steel zero administration;Frederick;Feeney;MALE;Jordan.Wyman@yahoo.com;866-140-0999;cross-platform access;Public-key;South Marjorieland;Myanmar;5
3;Games Regional Digitized;Makayla;Roob;MALE;Karson3@gmail.com;874.938.9579 x30515;Tactics;scale interactive generating;Port Earl;Myanmar;6
4;Plastic;Princess;Cummerata;MALE;Olin29@yahoo.com;081-777-7760;world-class Frozen IB;Highway Ergonomic;West Marcella;Ghana;7
5;New York tangible Mississippi;Geovanny;Carter;MALE;Derrick52@hotmail.com;1-410-412-0864 x3556;Concrete Investment Account Saint Lucia;User-centric;New Effiechester;Cayman Islands;9
6;Auto Loan Account modular Refined;Jacky;Schmitt;MALE;Shaun80@hotmail.com;1-833-912-2640;cutting-edge ability Hat;supply-chains magenta;East Eugeneberg;United States of America;2
7;sky blue;Keara;Prosacco;MALE;Delia.Fritsch71@hotmail.com;1-129-026-9540;encompassing;deposit Canadian Dollar Lebanon;Port Kattie;Dominican Republic;6
8;Handmade 24/7 Re-contextualized;Prudence;Hilll;MALE;Raymundo_Borer15@yahoo.com;1-516-085-3620;Buckinghamshire Future-proofed deposit;Quality;West Joseph;United Arab Emirates;9
9;Forint;Murray;Bruen;MALE;Maurice65@hotmail.com;895.552.2909;Virginia THX pink;cross-media;Roseside;Swaziland;9
10;optical invoice;Arthur;Weber;MALE;Lemuel37@hotmail.com;1-969-021-3546;invoice Devolved;Computers Bedfordshire Fish;New Natalie;Svalbard & Jan Mayen Islands;8
